index,output
501,0.5388
502,0.6409
503,0.8259
504,0.9517
505,0.093
506,0.5945
507,0.007
508,0.6182
509,0.6384
510,0.7757
511,0.0048
512,0.0936
513,0.8398
514,0.2597
515,0.0152
516,0.9901
517,0.7132
518,0.9127
519,0.9582
520,0.2139
521,0.2481
522,0.881
523,0.5091
524,0.9664
525,0.9387
526,0.198
527,0.9284
528,0.9805
529,0.6468
530,0.029
531,0.7119
532,0.927
533,0.7875
534,0.5659
535,0.9677
536,0.6412
537,0.0323
538,0.8408
539,0.9092
540,0.9068
541,0.7279
542,0.9667
543,0.8276
544,0.9752
545,0.0091
546,0.1854
547,0.0215
548,0.9322
549,0.8649
550,0.9133
551,0.5997
552,0.337
553,0.7967
554,0.9409
555,0.0273
556,0.5275
557,0.3694
558,0.0352
559,0.0812
560,0.1166
561,0.0075
562,0.0413
563,0.0219
564,0.9598
565,0.7918
566,0.9778
567,0.9109
568,0.1835
569,0.6692
570,0.0375
571,0.5579
572,0.1325
573,0.9823
574,0.1793
575,0.5403
576,0.2705
577,0.7761
578,0.9563
579,0.0351
580,0.6026
581,0.1015
582,0.5381
583,0.9592
584,0.6563
585,0.8703
586,0.1213
587,0.0457
588,0.8788
589,0.1142
590,0.9273
591,0.6667
592,0.8896
593,0.3068
594,0.0028
595,0.0494
596,0.0798
597,0.1388
598,0.1298
599,0.9225
600,0.7748
601,0.0822
602,0.0098
603,0.8737
604,0.5874
605,0.0954
606,0.7239
607,0.9513
608,0.1632
609,0.0151
610,0.1488
611,0.8755
612,0.2219
613,0.8101
614,0.0574
615,0.0087
616,0.7732
617,0.0066
618,0.9436
619,0.2713
620,0.9663
621,0.1338
622,0.1538
623,0.075
624,0.9845
625,0.0769
626,0.9466
627,0.4968
628,0.8702
629,0.6405
630,0.9749
631,0.3813
632,0.5858
633,0.9113
634,0.8304
635,0.8074
636,0.1512
637,0.0066
638,0.9804
639,0.7195
640,0.294
641,0.7304
642,0.9641
643,0.8776
644,0.169
645,0.7475
646,0.0736
647,0.8486
648,0.6435
649,0.0193
650,0.9774
651,0.412
652,0.1557
653,0.9004
654,0.2321
655,0.9738
656,0.0605
657,0.2576
658,0.0688
659,0.736
660,0.5968
661,0.9643
662,0.0065
663,0.9681
664,0.1088
665,0.8795
666,0.9877
667,0.2917
668,0.1286
669,0.9711
670,0.8518
671,0.1593
672,0.0036
673,0.792
674,0.6454
675,0.9167
676,0.7576
677,0.0261
678,0.9324
679,0.6095
680,0.2573
681,0.8003
682,0.7769
683,0.8232
684,0.0685
685,0.4136
686,0.9754
687,0.6854
688,0.0016
689,0.2717
690,0.786
691,0.7101
692,0.1383
693,0.5069
694,0.0146
695,0.6404
696,0.0088
697,0.0255
698,0.5213
699,0.173
700,0.2858
701,0.0367
702,0.4404
703,0.9665
704,0.832
705,0.967
706,0.2036
707,0.0017
708,0.9916
709,0.0996
710,0.8846
711,0.1156
712,0.9622
713,0.9602
714,0.9055
715,0.7466
716,0.1033
717,0.2752
718,0.049
719,0.8004
720,0.9116
721,0.8988
722,0.8089
723,0.8842
724,0.5362
725,0.0969
726,0.981
727,0.2167
728,0.6418
729,0.0153
730,0.7028
731,0.4319
732,0.1908
733,0.0624
734,0.8701
735,0.0335
736,0.0155
737,0.8301
738,0.9832
739,0.0107
740,0.1095
741,0.7758
742,0.9529
743,0.2715
744,0.1224
745,0.9863
746,0.3505
747,0.3286
748,0.7135
749,0.4305
750,0.733
751,0.0087
752,0.7325
753,0.9028
754,0.3734
755,0.4901
756,0.0705
757,0.0199
758,0.0522
759,0.0045
760,0.9327
761,0.7517
762,0.6389
763,0.3597
764,0.8601
765,0.212
766,0.8489
767,0.3494
768,0.7993
769,0.049
770,0.3458
771,0.9713
772,0.0292
773,0.773
774,0.9645
775,0.9899
776,0.0357
777,0.0809
778,0.961
779,0.8762
780,0.974
781,0.5739
782,0.3497
783,0.1004
784,0.3787
785,0.0416
786,0.5568
787,0.0011
788,0.7102
789,0.6167
790,0.1212
791,0.1099
792,0.9779
793,0.0695
794,0.0155
795,0.1397
796,0.0204
797,0.8923
798,0.9013
799,0.6111
800,0.9567
801,0.9304
802,0.381
803,0.7439
804,0.8064
805,0.1087
806,0.8409
807,0.1211
808,0.0955
809,0.0574
810,0.4647
811,0.1404
812,0.6477
813,0.3867
814,0.9025
815,0.2841
816,0.7498
817,0.5119
818,0.1326
819,0.1139
820,0.8205
821,0.7725
822,0.9208
823,0.2373
824,0.8783
825,0.2912
826,0.2265
827,0.9866
828,0.6584
829,0.3306
830,0.3678
831,0.9018
832,0.3278
833,0.0125
834,0.2339
835,0.1912
836,0.0075
837,0.2941
838,0.5503
839,0.0474
840,0.0159
841,0.6885
842,0.0029
843,0.2764
844,0.0683
845,0.2106
846,0.9705
847,0.2235
848,0.0962
849,0.4139
850,0.7163
851,0.1059
852,0.7156
853,0.7086
854,0.0192
855,0.0291
856,0.1179
857,0.0867
858,0.0314
859,0.1731
860,0.9722
861,0.1174
862,0.0695
863,0.0663
864,0.6419
865,0.3326
866,0.8897
867,0.3009
868,0.1941
869,0.0096
870,0.0045
871,0.9678
872,0.1268
873,0.4927
874,0.0776
875,0.5805
876,0.6268
877,0.5867
878,0.7648
879,0.8173
880,0.0485
881,0.8677
882,0.0448
883,0.7972
884,0.6291
885,0.2275
886,0.3995
887,0.5659
888,0.9953
889,0.9039
890,0.9579
891,0.0714
892,0.9707
893,0.9658
894,0.661
895,0.6225
896,0.9467
897,0.0376
898,0.8215
899,0.6807
900,0.8971
901,0.0467
902,0.0089
903,0.7626
904,0.1233
905,0.0286
906,0.9483
907,0.9567
908,0.1475
909,0.3725
910,0.0438
911,0.9465
912,0.1565
913,0.9242
914,0.1819
915,0.375
916,0.7197
917,0.9756
918,0.7993
919,0.0234
920,0.3448
921,0.6609
922,0.1036
923,0.9821
924,0.6627
925,0.9611
926,0.9794
927,0.7074
928,0.9721
929,0.9824
930,0.8527
931,0.3186
932,0.8591
933,0.0102
934,0.0636
935,0.8495
936,0.0117
937,0.3351
938,0.9813
939,0.0556
940,0.7816
941,0.0163
942,0.1155
943,0.9653
944,0.9596
945,0.0075
946,0.6828
947,0.3408
948,0.0431
949,0.6799
950,0.5915
951,0.0344
952,0.4838
953,0.985
954,0.1772
955,0.9903
956,0.6343
957,0.3697
958,0.3378
959,0.0368
960,0.9725
961,0.1557
962,0.801
963,0.701
964,0.7247
965,0.0311
966,0.1325
967,0.0062
968,0.0254
969,0.3425
970,0.1754
971,0.0114
972,0.8018
973,0.4393
974,0.0507
975,0.8312
976,0.0384
977,0.8658
978,0.7384
979,0.7384
980,0.421
981,0.0966
982,0.4308
983,0.0216
984,0.9505
985,0.9404
986,0.7564
987,0.0029
988,0.7156
989,0.7827
990,0.9391
991,0.059
992,0.763
993,0.9826
994,0.1484
995,0.9548
996,0.95
997,0.2048
998,0.3248
999,0.1827
1000,0.617
1001,0.4589
1002,0.9158
1003,0.2851
1004,0.0295
1005,0.9325
1006,0.3144
1007,0.6138
1008,0.0939
1009,0.1356
1010,0.413
1011,0.9752
1012,0.0416
1013,0.9292
1014,0.5096
1015,0.2138
1016,0.8846
1017,0.956
1018,0.9837
1019,0.0211
1020,0.3749
1021,0.1794
1022,0.0231
1023,0.9349
1024,0.3003
1025,0.9171
1026,0.6307
1027,0.1995
1028,0.3911
1029,0.9456
1030,0.9488
1031,0.7734
1032,0.6779
1033,0.8659
1034,0.6325
1035,0.8016
1036,0.4891
1037,0.4078
1038,0.9235
1039,0.9745
1040,0.9518
1041,0.9609
1042,0.079
1043,0.8254
1044,0.7195
1045,0.9578
1046,0.2194
1047,0.9574
1048,0.8122
1049,0.0086
1050,0.5488
1051,0.0299
1052,0.4816
1053,0.9018
1054,0.9472
1055,0.8973
1056,0.8545
1057,0.0219
1058,0.9451
1059,0.8604
1060,0.7234
1061,0.7765
1062,0.9511
1063,0.0947
1064,0.8632
1065,0.1706
1066,0.908
1067,0.0307
1068,0.6979
1069,0.808
1070,0.185
1071,0.4977
1072,0.2263
1073,0.7346
1074,0.9275
1075,0.0276
1076,0.9881
1077,0.1272
1078,0.9565
1079,0.0538
1080,0.6445
1081,0.9448
1082,0.9269
1083,0.3334
1084,0.1724
1085,0.2037
1086,0.7753
1087,0.9234
1088,0.7049
1089,0.9375
1090,0.8885
1091,0.054
1092,0.6085
1093,0.4777
1094,0.213
1095,0.5236
1096,0.8863
1097,0.5389
1098,0.6634
1099,0.7748
1100,0.0842
1101,0.4252
1102,0.647
1103,0.778
1104,0.6295
1105,0.0673
1106,0.0065
1107,0.9685
1108,0.3017
1109,0.5237
1110,0.8892
1111,0.8007
1112,0.3092
1113,0.9914
1114,0.0776
1115,0.513
1116,0.6166
1117,0.1835
1118,0.6009
1119,0.5819
1120,0.0818
1121,0.6782
1122,0.9176
1123,0.0956
1124,0.061
1125,0.2282
1126,0.6036
1127,0.2013
1128,0.321
1129,0.0185
1130,0.0635
1131,0.9498
1132,0.9567
1133,0.3622
1134,0.0242
1135,0.1738
1136,0.4251
1137,0.1647
1138,0.4984
1139,0.9056
1140,0.4472
1141,0.0358
1142,0.2115
1143,0.7849
1144,0.5305
1145,0.7924
1146,0.1389
1147,0.0523
1148,0.1162
1149,0.0362
1150,0.2261
1151,0.0345
1152,0.8005
1153,0.0595
1154,0.1535
1155,0.9634
1156,0.0539
1157,0.2276
1158,0.1151
1159,0.4774
1160,0.8832
1161,0.0261
1162,0.9928
1163,0.986
1164,0.2191
1165,0.8664
1166,0.3733
1167,0.2608
1168,0.239
1169,0.9623
1170,0.2019
1171,0.8499
1172,0.7316
1173,0.6617
1174,0.7096
1175,0.9868
1176,0.7247
1177,0.1753
1178,0.9368
1179,0.0852
1180,0.8405
1181,0.1317
1182,0.4551
1183,0.032
1184,0.0731
1185,0.8537
1186,0.3835
1187,0.9614
1188,0.8232
1189,0.8566
1190,0.516
1191,0.9649
1192,0.2418
1193,0.5066
1194,0.0727
1195,0.0683
1196,0.0188
1197,0.6411
1198,0.9156
1199,0.5347
1200,0.9196
1201,0.0365
1202,0.04
1203,0.0901
1204,0.223
1205,0.2971
1206,0.9301
1207,0.1761
1208,0.9651
1209,0.2072
1210,0.1178
1211,0.223
1212,0.4771
1213,0.4478
1214,0.0103
1215,0.6568
1216,0.2214
1217,0.5228
1218,0.8923
1219,0.1479
1220,0.7239
1221,0.7726
1222,0.9127
1223,0.0138
1224,0.1266
1225,0.5702
1226,0.3773
1227,0.932
1228,0.6663
1229,0.0465
1230,0.9098
1231,0.1378
1232,0.5829
1233,0.7984
1234,0.3538
1235,0.621
1236,0.3978
1237,0.0821
1238,0.8891
1239,0.9447
1240,0.7166
1241,0.8459
1242,0.9601
1243,0.3341
1244,0.379
1245,0.0376
1246,0.5185
1247,0.6683
1248,0.0397
1249,0.9277
1250,0.7056
1251,0.1793
1252,0.9029
1253,0.0175
1254,0.207
1255,0.8553
1256,0.9132
1257,0.5158
1258,0.2431
1259,0.9671
1260,0.0145
1261,0.7954
1262,0.1543
1263,0.9101
1264,0.8851
1265,0.2919
1266,0.5901
1267,0.9538
1268,0.6613
1269,0.0794
1270,0.0612
1271,0.9677
1272,0.1532
1273,0.8906
1274,0.9192
1275,0.8307
1276,0.696
1277,0.5972
1278,0.2674
1279,0.005
1280,0.0189
1281,0.5104
1282,0.009
1283,0.2134
1284,0.8828
1285,0.9918
1286,0.8027
1287,0.0077
1288,0.8633
1289,0.0361
1290,0.0495
1291,0.9067
1292,0.2837
1293,0.3023
1294,0.237
1295,0.2959
1296,0.4294
1297,0.8284
1298,0.9883
1299,0.6589
1300,0.5317
1301,0.6493
1302,0.9017
1303,0.0679
1304,0.5268
1305,0.7812
1306,0.8173
1307,0.4147
1308,0.0785
1309,0.042
1310,0.8325
1311,0.8939
1312,0.0116
1313,0.8317
1314,0.4453
1315,0.8644
1316,0.114
1317,0.0679
1318,0.9628
1319,0.3782
1320,0.0255
1321,0.977
1322,0.8404
1323,0.3059
1324,0.0424
1325,0.5996
1326,0.9772
1327,0.0897
1328,0.1751
1329,0.3915
1330,0.0426
1331,0.9788
1332,0.6938
1333,0.0557
1334,0.5963
1335,0.8628
1336,0.2202
1337,0.9515
1338,0.2282
1339,0.8901
1340,0.1564
1341,0.5438
1342,0.0882
1343,0.0615
1344,0.103
1345,0.098
1346,0.0206
1347,0.8384
1348,0.2087
1349,0.1567
1350,0.099
1351,0.1845
1352,0.7597
1353,0.1495
1354,0.8453
1355,0.0194
1356,0.1155
1357,0.0027
1358,0.6411
1359,0.2244
1360,0.96
1361,0.5459
1362,0.006
1363,0.9649
1364,0.1797
1365,0.9934
1366,0.0462
1367,0.0253
1368,0.9751
1369,0.9554
1370,0.9677
1371,0.9849
1372,0.3196
1373,0.6256
1374,0.6924
1375,0.16
1376,0.0234
1377,0.1908
1378,0.0084
1379,0.0082
1380,0.5492
1381,0.0377
1382,0.0481
1383,0.8777
1384,0.5551
1385,0.8086
1386,0.8589
1387,0.1662
1388,0.6475
1389,0.7161
1390,0.7119
1391,0.0127
1392,0.8853
1393,0.8223
1394,0.8283
1395,0.1768
1396,0.2244
1397,0.639
1398,0.0618
1399,0.6161
1400,0.8342
1401,0.9761
1402,0.9294
1403,0.9374
1404,0.9662
1405,0.9282
1406,0.8029
1407,0.0448
1408,0.9519
1409,0.3618
1410,0.7528
1411,0.0056
1412,0.0336
1413,0.5058
1414,0.0441
1415,0.6218
1416,0.9263
1417,0.1235
1418,0.9019
1419,0.62
1420,0.8933
1421,0.6091
1422,0.8257
1423,0.842
1424,0.3976
1425,0.9902
1426,0.295
1427,0.3707
1428,0.0832
1429,0.021
1430,0.9712
1431,0.3092
1432,0.6324
1433,0.9536
1434,0.96
1435,0.5808
1436,0.4529
1437,0.285
1438,0.0598
1439,0.8979
1440,0.9676
1441,0.1619
1442,0.8565
1443,0.4749
1444,0.1848
1445,0.9197
1446,0.2706
1447,0.4635
1448,0.9665
1449,0.0246
1450,0.9283
1451,0.0336
1452,0.1751
1453,0.9148
1454,0.5834
1455,0.9229
1456,0.8157
1457,0.4339
1458,0.9761
1459,0.86
1460,0.5418
1461,0.1955
1462,0.2934
1463,0.8476
1464,0.7044
1465,0.3687
1466,0.9146
1467,0.3224
1468,0.1761
1469,0.953
1470,0.9394
1471,0.1537
1472,0.0446
1473,0.7789
1474,0.7244
1475,0.1523
1476,0.6774
1477,0.5066
1478,0.8355
1479,0.3736
1480,0.6084
1481,0.7534
1482,0.9477
1483,0.8897
1484,0.7629
1485,0.9324
1486,0.9521
1487,0.592
1488,0.8993
1489,0.1315
1490,0.0481
1491,0.1544
1492,0.3305
1493,0.3289
1494,0.1253
1495,0.5759
1496,0.7083
1497,0.1589
1498,0.2046
1499,0.9673
1500,0.9809
1501,0.4709
1502,0.9755
1503,0.2638
1504,0.479
1505,0.517
1506,0.7396
1507,0.2138
1508,0.2066
1509,0.9378
1510,0.1106
1511,0.2747
1512,0.0704
1513,0.1678
1514,0.9003
1515,0.031
1516,0.863
1517,0.4636
1518,0.9401
1519,0.6297
1520,0.6722
1521,0.0361
1522,0.6607
1523,0.6964
1524,0.0204
1525,0.8867
1526,0.9963
1527,0.0511
1528,0.9915
1529,0.0216
1530,0.953
1531,0.5508
1532,0.2472
1533,0.0126
1534,0.0154
1535,0.1577
1536,0.5214
1537,0.2976
1538,0.0954
1539,0.6012
1540,0.1193
1541,0.7838
1542,0.9564
1543,0.6533
1544,0.452
1545,0.7694
1546,0.8577
1547,0.6841
1548,0.995
1549,0.6998
1550,0.3569
1551,0.9052
1552,0.9597
1553,0.8197
1554,0.6809
1555,0.4805
1556,0.6399
1557,0.519
1558,0.8265
1559,0.7749
1560,0.1532
1561,0.7362
1562,0.0619
1563,0.9403
1564,0.3634
1565,0.7927
1566,0.3863
1567,0.9328
1568,0.2428
1569,0.1969
1570,0.9978
1571,0.9784
1572,0.9759
1573,0.3209
1574,0.4978
1575,0.141
1576,0.529
1577,0.9576
1578,0.1206
1579,0.1015
1580,0.7409
1581,0.5669
1582,0.009
1583,0.5535
1584,0.8133
1585,0.4174
1586,0.6449
1587,0.1388
1588,0.3285
1589,0.5695
1590,0.3107
1591,0.1375
1592,0.9199
1593,0.9498
1594,0.1146
1595,0.4355
1596,0.6173
1597,0.2396
1598,0.0156
1599,0.6999
1600,0.9707
1601,0.1237
1602,0.9326
1603,0.1116
1604,0.8331
1605,0.6682
1606,0.0354
1607,0.0061
1608,0.5692
1609,0.0426
1610,0.7548
1611,0.8293
1612,0.0366
1613,0.8299
1614,0.0446
1615,0.2328
1616,0.9754
1617,0.7816
1618,0.7628
1619,0.9202
1620,0.078
1621,0.9385
1622,0.0616
1623,0.1169
1624,0.9022
1625,0.4123
1626,0.1782
1627,0.1603
1628,0.6732
1629,0.9788
1630,0.1604
1631,0.1695
1632,0.9954
1633,0.9606
1634,0.9114
1635,0.9534
1636,0.9806
1637,0.3605
1638,0.1933
1639,0.3982
1640,0.973
1641,0.0071
1642,0.095
1643,0.3426
1644,0.3409
1645,0.035
1646,0.082
1647,0.7631
1648,0.0897
1649,0.2481
1650,0.7225
1651,0.0019
1652,0.1729
1653,0.9552
1654,0.9407
1655,0.8927
1656,0.2327
1657,0.9527
1658,0.0304
1659,0.7278
1660,0.8186
1661,0.211
1662,0.3023
1663,0.6009
1664,0.9118
1665,0.8743
1666,0.1555
1667,0.2459
1668,0.143
1669,0.0045
1670,0.0214
1671,0.9124
1672,0.9273
1673,0.7121
1674,0.9428
1675,0.6524
1676,0.909
1677,0.1483
1678,0.9289
1679,0.0422
1680,0.1287
1681,0.5319
1682,0.228
1683,0.2005
1684,0.9809
1685,0.0967
1686,0.0174
1687,0.8675
1688,0.5343
1689,0.0498
1690,0.386
1691,0.0523
1692,0.046
1693,0.2093
1694,0.9652
1695,0.8598
1696,0.2397
1697,0.5965
1698,0.4569
1699,0.5379
1700,0.1171
1701,0.6082
1702,0.9909
1703,0.7299
1704,0.116
1705,0.6131
1706,0.4128
1707,0.0622
1708,0.4076
1709,0.0414
1710,0.0346
1711,0.4136
1712,0.383
1713,0.0659
1714,0.3698
1715,0.5085
1716,0.0391
1717,0.207
1718,0.9724
1719,0.9417
1720,0.9908
1721,0.9062
1722,0.983
1723,0.0143
1724,0.0013
1725,0.0164
1726,0.4443
1727,0.0712
1728,0.8968
1729,0.73
1730,0.2648
1731,0.1947
1732,0.4734
1733,0.2894
1734,0.0186
1735,0.1788
1736,0.4737
1737,0.1038
1738,0.2959
1739,0.5374
1740,0.1619
1741,0.5928
1742,0.0189
1743,0.2988
1744,0.8256
1745,0.9634
1746,0.0737
1747,0.1243
1748,0.328
1749,0.2856
1750,0.0287
1751,0.3147
1752,0.5353
1753,0.9769
1754,0.8852
1755,0.5217
1756,0.6312
1757,0.0314
1758,0.7063
1759,0.354
1760,0.9954
1761,0.1893
1762,0.0778
1763,0.2056
1764,0.2384
1765,0.5161
1766,0.583
1767,0.9438
1768,0.0384
1769,0.1046
1770,0.3241
1771,0.5878
1772,0.0368
1773,0.1259
1774,0.9591
1775,0.8541
1776,0.6514
1777,0.0638
1778,0.1732
1779,0.9581
1780,0.6745
1781,0.3965
1782,0.8098
1783,0.8619
1784,0.4751
1785,0.3462
1786,0.7426
1787,0.3353
1788,0.0235
1789,0.0924
1790,0.6516
1791,0.2176
1792,0.4142
1793,0.2448
1794,0.8389
1795,0.0757
1796,0.69
1797,0.6863
1798,0.2611
1799,0.0178
1800,0.8014
1801,0.9912
1802,0.734
1803,0.954
1804,0.049
1805,0.6303
1806,0.0719
1807,0.4069
1808,0.8835
1809,0.8563
1810,0.963
1811,0.5581
1812,0.8005
1813,0.9048
1814,0.2953
1815,0.9108
1816,0.7427
1817,0.0736
1818,0.8117
1819,0.5874
1820,0.6397
1821,0.8691
1822,0.7732
1823,0.861
1824,0.5999
1825,0.1968
1826,0.9841
1827,0.3753
1828,0.0779
1829,0.9973
1830,0.8792
1831,0.4589
1832,0.9975
1833,0.03
1834,0.8349
1835,0.0725
1836,0.4056
1837,0.1313
1838,0.0144
1839,0.4765
1840,0.8495
1841,0.0103
1842,0.2034
1843,0.6673
1844,0.9219
1845,0.9566
1846,0.3648
1847,0.8306
1848,0.3538
1849,0.0522
1850,0.0128
1851,0.1286
1852,0.397
1853,0.9871
1854,0.6076
1855,0.398
1856,0.8687
1857,0.1637
1858,0.0032
1859,0.2658
1860,0.0128
1861,0.8572
1862,0.0035
1863,0.8868
1864,0.2342
1865,0.1634
1866,0.0128
1867,0.7861
1868,0.9658
1869,0.1643
1870,0.9599
1871,0.0498
1872,0.8052
1873,0.4334
1874,0.4987
1875,0.9825
1876,0.2982
1877,0.0068
1878,0.0057
1879,0.9559
1880,0.6432
1881,0.0675
1882,0.932
1883,0.012
1884,0.0647
1885,0.1837
1886,0.0159
1887,0.0468
1888,0.7491
1889,0.9007
1890,0.2847
1891,0.9887
1892,0.9818
1893,0.1744
1894,0.6646
1895,0.1308
1896,0.8809
1897,0.6681
1898,0.4944
1899,0.3117
1900,0.9729
1901,0.5215
1902,0.1878
1903,0.0476
1904,0.1806
1905,0.9174
1906,0.139
1907,0.387
1908,0.0858
1909,0.1237
1910,0.9753
1911,0.0671
1912,0.9593
1913,0.1184
1914,0.7922
1915,0.155
1916,0.161
1917,0.4662
1918,0.9473
1919,0.9318
1920,0.056
1921,0.058
1922,0.3088
1923,0.6209
1924,0.1484
1925,0.6622
1926,0.3385
1927,0.0234
1928,0.1891
1929,0.0456
1930,0.9419
1931,0.904
1932,0.0833
1933,0.7976
1934,0.5799
1935,0.9512
1936,0.3216
1937,0.9101
1938,0.9864
1939,0.5342
1940,0.8932
1941,0.1078
1942,0.2898
1943,0.0882
1944,0.8551
1945,0.0175
1946,0.0619
1947,0.9753
1948,0.1382
1949,0.9412
1950,0.8985
1951,0.7533
1952,0.2388
1953,0.2178
1954,0.1296
1955,0.1097
1956,0.9215
1957,0.9826
1958,0.0739
1959,0.3179
1960,0.0569
1961,0.9619
1962,0.8358
1963,0.1376
1964,0.9718
1965,0.737
1966,0.2566
1967,0.9908
1968,0.1251
1969,0.6796
1970,0.9379
1971,0.8491
1972,0.0105
1973,0.0324
1974,0.8093
1975,0.9536
1976,0.7111
1977,0.9694
1978,0.9743
1979,0.2636
1980,0.1227
1981,0.9923
1982,0.3434
1983,0.1416
1984,0.6475
1985,0.983
1986,0.0219
1987,0.1499
1988,0.9294
1989,0.9847
1990,0.0889
1991,0.5386
1992,0.4907
1993,0.2731
1994,0.8979
1995,0.5602
1996,0.1012
1997,0.8498
1998,0.8826
1999,0.1603
2000,0.8676
2001,0.6736
2002,0.6678
2003,0.1429
2004,0.9372
2005,0.2077
2006,0.1178
2007,0.4685
2008,0.2898
2009,0.9626
2010,0.0529
2011,0.9639
2012,0.1872
2013,0.3447
2014,0.9546
2015,0.0683
2016,0.8986
2017,0.1154
2018,0.8057
2019,0.2104
2020,0.9503
2021,0.5487
2022,0.346
2023,0.6995
2024,0.267
2025,0.0162
2026,0.029
2027,0.9102
2028,0.8708
2029,0.392
2030,0.9465
2031,0.8972
2032,0.9477
2033,0.4936
2034,0.3174
2035,0.2375
2036,0.1975
2037,0.0708
2038,0.9401
2039,0.29
2040,0.047
2041,0.316
2042,0.7277
2043,0.2819
2044,0.947
2045,0.9326
2046,0.1252
2047,0.6312
2048,0.9111
2049,0.0776
2050,0.9841
2051,0.1313
2052,0.922
2053,0.7589
2054,0.6069
2055,0.5695
2056,0.6868
2057,0.9847
2058,0.8925
2059,0.4031
2060,0.6427
2061,0.0853
2062,0.0088
2063,0.0184
2064,0.4295
2065,0.3118
2066,0.0213
2067,0.5916
2068,0.9332
2069,0.9658
2070,0.8886
2071,0.5996
2072,0.0205
2073,0.6214
2074,0.9899
2075,0.7921
2076,0.7292
2077,0.0106
2078,0.1515
2079,0.5458
2080,0.5356
2081,0.838
2082,0.9021
2083,0.2729
2084,0.9699
2085,0.4256
2086,0.7855
2087,0.102
2088,0.8258
2089,0.6039
2090,0.9244
2091,0.8075
2092,0.9778
2093,0.0572
2094,0.0319
2095,0.0784
2096,0.0847
2097,0.7414
2098,0.4824
2099,0.9442
2100,0.6761
2101,0.192
2102,0.0313
2103,0.0095
2104,0.9533
2105,0.7445
2106,0.8441
2107,0.007
2108,0.917
2109,0.2918
2110,0.9791
2111,0.3833
2112,0.8458
2113,0.3034
2114,0.9401
2115,0.4793
2116,0.4862
2117,0.0064
2118,0.8498
2119,0.3905
2120,0.3662
2121,0.0472
2122,0.069
2123,0.2701
2124,0.6728
2125,0.9854
2126,0.0244
2127,0.7376
2128,0.0117
2129,0.2638
2130,0.7394
2131,0.4122
2132,0.8846
2133,0.8599
2134,0.2342
2135,0.3686
2136,0.9432
2137,0.5379
2138,0.4755
2139,0.8653
2140,0.6106
2141,0.509
2142,0.0459
2143,0.9721
2144,0.8989
2145,0.4945
2146,0.3968
2147,0.6599
2148,0.157
2149,0.0429
2150,0.8522
2151,0.1436
2152,0.2326
2153,0.855
2154,0.2805
2155,0.9154
2156,0.8999
2157,0.9435
2158,0.0505
2159,0.1579
2160,0.3824
2161,0.6458
2162,0.086
2163,0.9703
2164,0.0521
2165,0.0614
2166,0.9818
2167,0.2171
2168,0.1238
2169,0.0144
2170,0.0958
2171,0.9123
2172,0.7905
2173,0.9664
2174,0.8909
2175,0.9772
2176,0.7263
2177,0.2197
2178,0.9392
2179,0.1117
2180,0.0132
2181,0.6885
2182,0.9747
2183,0.3855
2184,0.4361
2185,0.7931
2186,0.6376
2187,0.2386
2188,0.1441
2189,0.0265
2190,0.0559
2191,0.3685
2192,0.089
2193,0.2367
2194,0.0172
2195,0.3372
2196,0.6495
2197,0.0203
2198,0.2698
2199,0.6142
2200,0.127
2201,0.1082
2202,0.0124
2203,0.1064
2204,0.0375
2205,0.1249
2206,0.0603
2207,0.9678
2208,0.0744
2209,0.8973
2210,0.916
2211,0.9921
2212,0.0266
2213,0.4786
2214,0.3614
2215,0.9786
2216,0.006
2217,0.7322
2218,0.1964
2219,0.5731
2220,0.8131
2221,0.5013
2222,0.0591
2223,0.615
2224,0.2098
2225,0.9185
2226,0.0639
2227,0.9096
2228,0.5566
2229,0.8811
2230,0.0456
2231,0.2439
2232,0.3229
2233,0.024
2234,0.0826
2235,0.9312
2236,0.5744
2237,0.3244
2238,0.9759
2239,0.6119
2240,0.9891
2241,0.0029
2242,0.5123
2243,0.265
2244,0.2255
2245,0.9427
2246,0.6272
2247,0.9826
2248,0.9759
2249,0.1104
2250,0.9818
2251,0.6219
2252,0.3807
2253,0.4941
2254,0.3082
2255,0.8473
2256,0.5806
2257,0.8606
2258,0.9899
2259,0.2706
2260,0.5956
2261,0.3616
2262,0.1481
2263,0.8659
2264,0.8075
2265,0.6504
2266,0.6574
2267,0.2204
2268,0.1303
2269,0.8521
2270,0.2308
2271,0.5301
2272,0.4744
2273,0.062
2274,0.1637
2275,0.9488
2276,0.0986
2277,0.5452
2278,0.6337
2279,0.9598
2280,0.1373
2281,0.9825
2282,0.4032
2283,0.9401
2284,0.3334
2285,0.4875
2286,0.0242
2287,0.0521
2288,0.0156
2289,0.6262
2290,0.8794
2291,0.9029
2292,0.1315
2293,0.0599
2294,0.9813
2295,0.8694
2296,0.8616
2297,0.2565
2298,0.0883
2299,0.8198
2300,0.0248
2301,0.9212
2302,0.8656
2303,0.853
2304,0.9831
2305,0.9813
2306,0.079
2307,0.0051
2308,0.8448
2309,0.5866
2310,0.9444
2311,0.5431
2312,0.9919
2313,0.8193
2314,0.1573
2315,0.6469
2316,0.1341
2317,0.8764
2318,0.0392
2319,0.3556
2320,0.6746
2321,0.9653
2322,0.002
2323,0.979
2324,0.71
2325,0.4146
2326,0.0809
2327,0.015
2328,0.7528
2329,0.0303
2330,0.1425
2331,0.1873
2332,0.0177
2333,0.077
2334,0.0354
2335,0.0134
2336,0.2591
2337,0.221
2338,0.9313
2339,0.5789
2340,0.5873
2341,0.2152
2342,0.7162
2343,0.9831
2344,0.8637
2345,0.9096
2346,0.0505
2347,0.0837
2348,0.8832
2349,0.7915
2350,0.066
2351,0.7965
2352,0.9895
2353,0.1936
2354,0.1311
2355,0.7996
2356,0.8061
2357,0.9968
2358,0.9719
2359,0.863
2360,0.9344
2361,0.382
2362,0.8657
2363,0.1456
2364,0.3773
2365,0.9686
2366,0.1223
2367,0.9296
2368,0.9749
2369,0.9086
2370,0.9953
2371,0.7551
2372,0.6192
2373,0.2883
2374,0.1018
2375,0.1606
2376,0.2117
2377,0.975
2378,0.0116
2379,0.9215
2380,0.6098
2381,0.1841
2382,0.0603
2383,0.1951
2384,0.219
2385,0.7474
2386,0.7802
2387,0.9441
2388,0.4871
2389,0.7491
2390,0.3198
2391,0.0603
2392,0.4737
2393,0.9083
2394,0.0977
2395,0.923
2396,0.864
2397,0.9662
2398,0.2996
2399,0.9396
2400,0.0404
2401,0.8838
2402,0.2131
2403,0.9134
2404,0.55
2405,0.0888
2406,0.8534
2407,0.4462
2408,0.642
2409,0.941
2410,0.4681
2411,0.7383
2412,0.1259
2413,0.8947
2414,0.0759
2415,0.0805
2416,0.8452
2417,0.0132
2418,0.779
2419,0.7188
2420,0.9602
2421,0.6439
2422,0.9637
2423,0.0212
2424,0.1138
2425,0.9609
2426,0.3607
2427,0.2664
2428,0.8498
2429,0.2761
2430,0.6384
2431,0.1512
2432,0.9146
2433,0.1372
2434,0.905
2435,0.6105
2436,0.475
2437,0.9002
2438,0.3217
2439,0.5181
2440,0.2384
2441,0.0257
2442,0.3077
2443,0.2303
2444,0.6614
2445,0.6462
2446,0.9795
2447,0.6035
2448,0.9192
2449,0.8774
2450,0.8411
2451,0.9222
2452,0.5773
2453,0.2635
2454,0.1934
2455,0.2193
2456,0.5669
2457,0.2366
2458,0.2125
2459,0.0705
2460,0.5362
2461,0.2009
2462,0.0652
2463,0.0258
2464,0.029
2465,0.9476
2466,0.3745
2467,0.7497
2468,0.6449
2469,0.4483
2470,0.9064
2471,0.3528
2472,0.352
2473,0.9561
2474,0.1956
2475,0.0247
2476,0.9556
2477,0.966
2478,0.1098
2479,0.2409
2480,0.1757
2481,0.9222
2482,0.7589
2483,0.581
2484,0.8355
2485,0.6038
2486,0.1385
2487,0.8052
2488,0.1147
2489,0.1084
2490,0.0164
2491,0.256
2492,0.0058
2493,0.198
2494,0.6811
2495,0.1848
2496,0.0134
2497,0.4963
2498,0.4613
2499,0.1295
2500,0.0705
2501,0.0654
2502,0.4323
2503,0.9412
2504,0.0236
2505,0.1863
2506,0.59
2507,0.8689
2508,0.9727
2509,0.2752
2510,0.0217
2511,0.5113
2512,0.6416
2513,0.8776
2514,0.0621
2515,0.5028
2516,0.4568
2517,0.0303
2518,0.9555
2519,0.453
2520,0.1845
2521,0.915
2522,0.6005
2523,0.6578
2524,0.9799
2525,0.4674
2526,0.4398
2527,0.9694
2528,0.7259
2529,0.0859
2530,0.8064
2531,0.9698
2532,0.0115
2533,0.4685
2534,0.1374
2535,0.0599
2536,0.3854
2537,0.9055
2538,0.1045
2539,0.9103
2540,0.9758
2541,0.8225
2542,0.8392
2543,0.7491
2544,0.9843
2545,0.8918
2546,0.1903
2547,0.0928
2548,0.4885
2549,0.9702
2550,0.3369
2551,0.6815
2552,0.8942
2553,0.5342
2554,0.2533
2555,0.3972
2556,0.3801
2557,0.9322
2558,0.0504
2559,0.9582
2560,0.1029
2561,0.6554
2562,0.2997
2563,0.9271
2564,0.8365
2565,0.0298
2566,0.971
2567,0.8816
2568,0.3919
2569,0.5651
2570,0.0131
2571,0.6118
2572,0.5139
2573,0.1185
2574,0.5673
2575,0.0933
2576,0.9203
2577,0.0621
2578,0.157
2579,0.7022
2580,0.881
2581,0.4067
2582,0.0051
2583,0.1854
2584,0.1892
2585,0.5418
2586,0.1757
2587,0.2806
2588,0.2592
2589,0.0746
2590,0.9904
2591,0.6172
2592,0.0628
2593,0.242
2594,0.264
2595,0.0741
2596,0.5938
2597,0.9586
2598,0.908
2599,0.9795
2600,0.679
2601,0.0084
2602,0.96
2603,0.9558
2604,0.8392
2605,0.7516
2606,0.0565
2607,0.2928
2608,0.9271
2609,0.2519
2610,0.8236
2611,0.8397
2612,0.7774
2613,0.9181
2614,0.8261
2615,0.1698
2616,0.6838
2617,0.0139
2618,0.3933
2619,0.9609
2620,0.9503
2621,0.6955
2622,0.9723
2623,0.0995
2624,0.0244
2625,0.6145
2626,0.8731
2627,0.1526
2628,0.5006
2629,0.0145
2630,0.2036
2631,0.3287
2632,0.9924
2633,0.261
2634,0.0089
2635,0.9044
2636,0.4308
2637,0.3361
2638,0.3175
2639,0.0487
2640,0.1841
2641,0.3412
2642,0.2358
2643,0.4739
2644,0.0845
2645,0.9506
2646,0.0479
2647,0.5134
2648,0.145
2649,0.0231
2650,0.9215
2651,0.7677
2652,0.3222
2653,0.0397
2654,0.8637
2655,0.9017
2656,0.7807
2657,0.2902
2658,0.4281
2659,0.5888
2660,0.6807
2661,0.3368
2662,0.0176
2663,0.6472
2664,0.3494
2665,0.8301
2666,0.9774
2667,0.9894
2668,0.3931
2669,0.0629
2670,0.7525
2671,0.9349
2672,0.6229
2673,0.8811
2674,0.0102
2675,0.0722
2676,0.9491
2677,0.2992
2678,0.9236
2679,0.0655
2680,0.4148
2681,0.6813
2682,0.2188
2683,0.8674
2684,0.0615
2685,0.13
2686,0.7539
2687,0.8154
2688,0.0763
2689,0.0516
2690,0.9557
2691,0.9061
2692,0.1514
2693,0.888
2694,0.0112
2695,0.9685
2696,0.9028
2697,0.7943
2698,0.2535
2699,0.1892
2700,0.9947
2701,0.5145
2702,0.4292
2703,0.0206
2704,0.1738
2705,0.8761
2706,0.9565
2707,0.874
2708,0.7986
2709,0.1228
2710,0.2854
2711,0.1729
2712,0.2551
2713,0.1746
2714,0.9559
2715,0.9932
2716,0.0358
2717,0.9841
2718,0.5104
2719,0.0527
2720,0.2601
2721,0.9862
2722,0.9146
2723,0.8084
2724,0.1162
2725,0.0182
2726,0.0642
2727,0.8824
2728,0.2311
2729,0.9486
2730,0.9822
2731,0.2318
2732,0.7372
2733,0.6153
2734,0.7147
2735,0.4288
2736,0.5123
2737,0.8032
2738,0.0665
2739,0.096
2740,0.9688
2741,0.9229
2742,0.3443
2743,0.7938
2744,0.8467
2745,0.1375
2746,0.8485
2747,0.8823
2748,0.8607
2749,0.7869
2750,0.5513
2751,0.3046
2752,0.0018
2753,0.1908
2754,0.3228
2755,0.0117
2756,0.0415
2757,0.8544
2758,0.6884
2759,0.066
2760,0.4803
2761,0.9953
2762,0.053
2763,0.9349
2764,0.3309
2765,0.4186
2766,0.5514
2767,0.6677
2768,0.0427
2769,0.8576
2770,0.4437
2771,0.0144
2772,0.5421
2773,0.4548
2774,0.8797
2775,0.7947
2776,0.2355
2777,0.8213
2778,0.8985
2779,0.756
2780,0.1615
2781,0.0772
2782,0.8971
2783,0.9421
2784,0.9819
2785,0.0082
2786,0.4286
2787,0.0517
2788,0.2646
2789,0.8934
2790,0.0289
2791,0.6158
2792,0.0546
2793,0.9697
2794,0.7463
2795,0.6878
2796,0.1014
2797,0.9682
2798,0.9354
2799,0.9864
2800,0.1367
2801,0.0642
2802,0.2287
2803,0.4658
2804,0.7126
2805,0.8936
2806,0.0662
2807,0.8757
2808,0.0243
2809,0.1106
2810,0.8841
2811,0.0126
2812,0.2766
2813,0.461
2814,0.0064
2815,0.7864
2816,0.8934
2817,0.1189
2818,0.1049
2819,0.068
2820,0.1452
2821,0.2784
2822,0.702
2823,0.9488
2824,0.7818
2825,0.931
2826,0.9759
2827,0.9548
2828,0.6055
2829,0.1224
2830,0.2087
2831,0.8428
2832,0.8952
2833,0.6428
2834,0.8609
2835,0.9858
2836,0.4558
2837,0.0796
2838,0.2785
2839,0.6154
2840,0.6814
2841,0.0347
2842,0.1701
2843,0.863
2844,0.7835
2845,0.2149
2846,0.8288
2847,0.1373
2848,0.8265
2849,0.2882
2850,0.551
2851,0.6501
2852,0.6689
2853,0.0922
2854,0.9843
2855,0.0251
2856,0.0096
2857,0.7244
2858,0.9493
2859,0.3991
2860,0.1046
2861,0.8512
2862,0.7095
2863,0.1015
2864,0.9745
2865,0.091
2866,0.3745
2867,0.2259
2868,0.4811
2869,0.8833
2870,0.0348
2871,0.3561
2872,0.8264
2873,0.0292
2874,0.5487
2875,0.057
2876,0.9936
2877,0.8949
2878,0.9633
2879,0.0151
2880,0.7739
2881,0.0601
2882,0.9544
2883,0.2875
2884,0.0832
2885,0.293
2886,0.0121
2887,0.0423
2888,0.0268
2889,0.976
2890,0.9352
2891,0.0152
2892,0.0964
2893,0.8746
2894,0.2776
2895,0.9824
2896,0.1953
2897,0.8842
2898,0.012
2899,0.0585
2900,0.9888
2901,0.0105
2902,0.8281
2903,0.8623
2904,0.51
2905,0.2596
2906,0.5151
2907,0.1789
2908,0.9031
2909,0.7197
2910,0.1048
2911,0.0527
2912,0.4732
2913,0.6426
2914,0.1185
2915,0.599
2916,0.4423
2917,0.9633
2918,0.9702
2919,0.0277
2920,0.88
2921,0.8633
2922,0.2917
2923,0.3866
2924,0.643
2925,0.0523
2926,0.0853
2927,0.2056
2928,0.9126
2929,0.3656
2930,0.2628
2931,0.9144
2932,0.0486
2933,0.1789
2934,0.7975
2935,0.4846
2936,0.9216
2937,0.0178
2938,0.5833
2939,0.4095
2940,0.4411
2941,0.1234
2942,0.9455
2943,0.6522
2944,0.4205
2945,0.8189
2946,0.6927
2947,0.8927
2948,0.528
2949,0.0156
2950,0.0498
2951,0.8591
2952,0.7457
2953,0.3279
2954,0.4587
2955,0.254
2956,0.9355
2957,0.6282
2958,0.7293
2959,0.8691
2960,0.0239
2961,0.3688
2962,0.8747
2963,0.9758
2964,0.6374
2965,0.0557
2966,0.1419
2967,0.0791
2968,0.7765
2969,0.0796
2970,0.9111
2971,0.0456
2972,0.9699
2973,0.8923
2974,0.4132
2975,0.2232
2976,0.9024
2977,0.0934
2978,0.1696
2979,0.8787
2980,0.6426
2981,0.9835
2982,0.911
2983,0.006
2984,0.0244
2985,0.8324
2986,0.9533
2987,0.2775
2988,0.0651
2989,0.9074
2990,0.64
2991,0.0796
2992,0.3234
2993,0.5154
2994,0.0578
2995,0.6059
2996,0.1587
2997,0.2684
2998,0.9094
2999,0.9055
3000,0.5499
3001,0.9039
3002,0.1028
3003,0.436
3004,0.6574
3005,0.2116
3006,0.6356
3007,0.9316
3008,0.0069
3009,0.6757
3010,0.2591
3011,0.0533
3012,0.0951
3013,0.0017
3014,0.8237
3015,0.348
3016,0.9473
3017,0.3701
3018,0.9549
3019,0.2582
3020,0.8194
3021,0.951
3022,0.2061
3023,0.8624
3024,0.4633
3025,0.9481
3026,0.6315
3027,0.614
3028,0.2561
3029,0.0425
3030,0.001
3031,0.893
3032,0.0693
3033,0.0861
3034,0.8248
3035,0.0226
3036,0.1119
3037,0.067
3038,0.1254
3039,0.6876
3040,0.037
3041,0.7369
3042,0.5835
3043,0.1448
3044,0.6061
3045,0.1381
3046,0.9433
3047,0.4822
3048,0.1047
3049,0.956
3050,0.2675
3051,0.9798
3052,0.1006
3053,0.345
3054,0.7076
3055,0.3138
3056,0.1538
3057,0.2513
3058,0.9593
3059,0.0118
3060,0.9623
3061,0.5156
3062,0.016
3063,0.5615
3064,0.6465
3065,0.9613
3066,0.9556
3067,0.4436
3068,0.1035
3069,0.8642
3070,0.9024
3071,0.1275
3072,0.3526
3073,0.9242
3074,0.1275
3075,0.0889
3076,0.8965
3077,0.9909
3078,0.8295
3079,0.5309
3080,0.815
3081,0.2941
3082,0.9555
3083,0.797
3084,0.9806
3085,0.016
3086,0.9551
3087,0.4842
3088,0.0049
3089,0.0675
3090,0.5082
3091,0.8676
3092,0.0993
3093,0.369
3094,0.9786
3095,0.1396
3096,0.8615
3097,0.7858
3098,0.9698
3099,0.9559
3100,0.0596
3101,0.0646
3102,0.7323
3103,0.2278
3104,0.4768
3105,0.0243
3106,0.7212
3107,0.9109
3108,0.3664
3109,0.0362
3110,0.3983
3111,0.4534
3112,0.5807
3113,0.8161
3114,0.1644
3115,0.0495
3116,0.1173
3117,0.9321
3118,0.1772
3119,0.0975
3120,0.9894
3121,0.9552
3122,0.3719
3123,0.1377
3124,0.4127
3125,0.08
3126,0.2518
3127,0.6436
3128,0.4946
3129,0.0717
3130,0.8433
3131,0.7967
3132,0.1265
3133,0.9533
3134,0.1202
3135,0.9531
3136,0.315
3137,0.5535
3138,0.9833
3139,0.9255
3140,0.5222
3141,0.7001
3142,0.9121
3143,0.3784
3144,0.6908
3145,0.23
3146,0.9929
3147,0.7563
3148,0.9352
3149,0.7915
3150,0.3825
3151,0.1081
3152,0.6769
3153,0.033
3154,0.5791
3155,0.3007
3156,0.2704
3157,0.5877
3158,0.4525
3159,0.3542
3160,0.0906
3161,0.2407
3162,0.8358
3163,0.7202
3164,0.0332
3165,0.0938
3166,0.1442
3167,0.07
3168,0.7973
3169,0.248
3170,0.0991
3171,0.9922
3172,0.6248
3173,0.4647
3174,0.7571
3175,0.9761
3176,0.8325
3177,0.6728
3178,0.366
3179,0.1851
3180,0.3006
3181,0.0491
3182,0.9483
3183,0.3724
3184,0.1601
3185,0.6946
3186,0.9803
3187,0.8029
3188,0.7657
3189,0.7184
3190,0.3857
3191,0.8242
3192,0.0456
3193,0.0204
3194,0.8088
3195,0.9488
3196,0.448
3197,0.0433
3198,0.1588
3199,0.8426
3200,0.2272
3201,0.8877
3202,0.9332
3203,0.5132
3204,0.949
3205,0.3305
3206,0.0397
3207,0.9543
3208,0.9341
3209,0.9565
3210,0.2495
3211,0.3284
3212,0.0937
3213,0.9776
3214,0.5155
3215,0.0021
3216,0.0406
3217,0.5346
3218,0.2123
3219,0.4311
3220,0.9671
3221,0.6422
3222,0.0921
3223,0.3144
3224,0.056
3225,0.88
3226,0.2405
3227,0.1533
3228,0.0284
3229,0.6625
3230,0.0541
3231,0.1267
3232,0.1946
3233,0.9634
3234,0.6214
3235,0.3578
3236,0.7468
3237,0.0309
3238,0.7083
3239,0.9753
3240,0.244
3241,0.9599
3242,0.7181
3243,0.0105
3244,0.1148
3245,0.0265
3246,0.9472
3247,0.6895
3248,0.0515
3249,0.984
3250,0.8939
3251,0.6541
3252,0.9323
3253,0.0184
3254,0.3036
3255,0.9584
3256,0.6734
3257,0.6721
3258,0.3163
3259,0.7139
3260,0.5266
3261,0.1206
3262,0.7367
3263,0.9382
3264,0.9827
3265,0.1175
3266,0.6381
3267,0.1349
3268,0.1822
3269,0.8687
3270,0.6293
3271,0.227
3272,0.0758
3273,0.5454
3274,0.7234
3275,0.8529
3276,0.0756
3277,0.7703
3278,0.5271
3279,0.4006
3280,0.078
3281,0.093
3282,0.591
3283,0.0493
3284,0.521
3285,0.1909
3286,0.8169
3287,0.7306
3288,0.8107
3289,0.0073
3290,0.1835
3291,0.886
3292,0.3185
3293,0.4835
3294,0.4916
3295,0.5969
3296,0.2942
3297,0.9396
3298,0.5925
3299,0.7941
3300,0.9384
3301,0.8972
3302,0.1927
3303,0.0219
3304,0.4753
3305,0.4153
3306,0.4925
3307,0.6635
3308,0.8165
3309,0.0171
3310,0.6274
3311,0.87
3312,0.8925
3313,0.7598
3314,0.3552
3315,0.8118
3316,0.067
3317,0.438
3318,0.0638
3319,0.8894
3320,0.0086
3321,0.7278
3322,0.9341
3323,0.0871
3324,0.9911
3325,0.1778
3326,0.7371
3327,0.9937
3328,0.9881
3329,0.3662
3330,0.0257
3331,0.1192
3332,0.9021
3333,0.7802
3334,0.0235
3335,0.4366
3336,0.9762
3337,0.2538
3338,0.9587
3339,0.8085
3340,0.7889
3341,0.025
3342,0.0809
3343,0.2005
3344,0.594
3345,0.9286
3346,0.6507
3347,0.1616
3348,0.0214
3349,0.5307
3350,0.5304
3351,0.7379
3352,0.9434
3353,0.9904
3354,0.0194
3355,0.5624
3356,0.9109
3357,0.9194
3358,0.4439
3359,0.0186
3360,0.4555
3361,0.1628
3362,0.1576
3363,0.5307
3364,0.2332
3365,0.0606
3366,0.7176
3367,0.1012
3368,0.9234
3369,0.7959
3370,0.7539
3371,0.2879
3372,0.6145
3373,0.9159
3374,0.9564
3375,0.6828
3376,0.9939
3377,0.0156
3378,0.0107
3379,0.2214
3380,0.0583
3381,0.7587
3382,0.1631
3383,0.5818
3384,0.935
3385,0.0762
3386,0.032
3387,0.0344
3388,0.8476
3389,0.4604
3390,0.5962
3391,0.9354
3392,0.45
3393,0.0742
3394,0.4185
3395,0.1395
3396,0.202
3397,0.0085
3398,0.5468
3399,0.1143
3400,0.9134
3401,0.9856
3402,0.366
3403,0.084
3404,0.0077
3405,0.2699
3406,0.1498
3407,0.8177
3408,0.8186
3409,0.3496
3410,0.8181
3411,0.8573
3412,0.9247
3413,0.5341
3414,0.1015
3415,0.0509
3416,0.8465
3417,0.7264
3418,0.3018
3419,0.9944
3420,0.1398
3421,0.5449
3422,0.0279
3423,0.9001
3424,0.5616
3425,0.0508
3426,0.9146
3427,0.3014
3428,0.4741
3429,0.2964
3430,0.8597
3431,0.523
3432,0.8167
3433,0.0783
3434,0.0376
3435,0.9454
3436,0.3632
3437,0.8282
3438,0.9166
3439,0.5155
3440,0.9902
3441,0.9158
3442,0.7691
3443,0.9534
3444,0.1399
3445,0.8663
3446,0.7881
3447,0.0161
3448,0.2829
3449,0.7221
3450,0.3764
3451,0.8273
3452,0.0259
3453,0.7733
3454,0.1657
3455,0.8986
3456,0.8165
3457,0.3272
3458,0.1672
3459,0.6728
3460,0.6439
3461,0.5769
3462,0.9247
3463,0.1135
3464,0.8126
3465,0.0102
3466,0.6895
3467,0.4463
3468,0.6715
3469,0.5182
3470,0.9387
3471,0.9962
3472,0.1422
3473,0.7007
3474,0.3279
3475,0.5391
3476,0.0031
3477,0.0361
3478,0.44
3479,0.9374
3480,0.9397
3481,0.6372
3482,0.4029
3483,0.9836
3484,0.1612
3485,0.102
3486,0.7708
3487,0.3629
3488,0.5956
3489,0.8262
3490,0.0911
3491,0.4753
3492,0.914
3493,0.1712
3494,0.0215
3495,0.096
3496,0.2147
3497,0.6755
3498,0.3647
3499,0.0415
3500,0.9287
3501,0.1944
3502,0.5568
3503,0.962
3504,0.9546
3505,0.3185
3506,0.469
3507,0.7802
3508,0.8973
3509,0.4222
3510,0.9295
3511,0.2239
3512,0.6008
3513,0.7042
3514,0.1062
3515,0.3561
3516,0.7438
3517,0.8096
3518,0.6654
3519,0.7762
3520,0.6382
3521,0.9053
3522,0.9925
3523,0.0928
3524,0.9591
3525,0.1225
3526,0.2757
3527,0.1795
3528,0.8093
3529,0.0691
3530,0.5557
3531,0.2022
3532,0.9155
3533,0.9742
3534,0.962
3535,0.3165
3536,0.0829
3537,0.3063
3538,0.9032
3539,0.9252
3540,0.6464
3541,0.1732
3542,0.5143
3543,0.0867
3544,0.0643
3545,0.0187
3546,0.9369
3547,0.0037
3548,0.6009
3549,0.9318
3550,0.4992
3551,0.0169
3552,0.9548
3553,0.4276
3554,0.46
3555,0.0221
3556,0.0788
3557,0.556
3558,0.6451
3559,0.0295
3560,0.3476
3561,0.8566
3562,0.739
3563,0.0371
3564,0.1592
3565,0.0766
3566,0.1846
3567,0.119
3568,0.5262
3569,0.9487
3570,0.8537
3571,0.6652
3572,0.2933
3573,0.9691
3574,0.2915
3575,0.0787
3576,0.9441
3577,0.9627
3578,0.5681
3579,0.4884
3580,0.2013
3581,0.3683
3582,0.9061
3583,0.0429
3584,0.4634
3585,0.0229
3586,0.7772
3587,0.835
3588,0.8555
3589,0.6672
3590,0.8532
3591,0.9576
3592,0.1029
3593,0.0434
3594,0.2246
3595,0.9531
3596,0.4752
3597,0.9869
3598,0.3405
3599,0.7241
3600,0.1492
3601,0.6907
3602,0.6004
3603,0.0232
3604,0.2721
3605,0.1002
3606,0.1955
3607,0.0606
3608,0.6687
3609,0.1268
3610,0.7394
3611,0.1058
3612,0.9969
3613,0.9748
3614,0.07
3615,0.0481
3616,0.76
3617,0.0358
3618,0.9546
3619,0.6738
3620,0.9509
3621,0.9208
3622,0.9021
3623,0.8713
3624,0.1166
3625,0.0012
3626,0.0284
3627,0.1917
3628,0.8111
3629,0.1785
3630,0.8342
3631,0.9703
3632,0.879
3633,0.7607
3634,0.5173
3635,0.5784
3636,0.6551
3637,0.2936
3638,0.7142
3639,0.1919
3640,0.3776
3641,0.9668
3642,0.2922
3643,0.1398
3644,0.1145
3645,0.4205
3646,0.5705
3647,0.7989
3648,0.1618
3649,0.5467
3650,0.6795
3651,0.9722
3652,0.0309
3653,0.4811
3654,0.1502
3655,0.1774
3656,0.6397
3657,0.9435
3658,0.2736
3659,0.2911
3660,0.0772
3661,0.6405
3662,0.311
3663,0.1315
3664,0.9804
3665,0.6495
3666,0.1977
3667,0.1742
3668,0.3703
3669,0.8892
3670,0.5753
3671,0.6335
3672,0.5526
3673,0.9531
3674,0.9445
3675,0.3765
3676,0.9245
3677,0.0247
3678,0.4406
3679,0.6601
3680,0.2211
3681,0.0526
3682,0.0451
3683,0.8156
3684,0.4797
3685,0.6883
3686,0.6309
3687,0.799
3688,0.836
3689,0.9443
3690,0.0431
3691,0.436
3692,0.0191
3693,0.4008
3694,0.1173
3695,0.1952
3696,0.1161
3697,0.6251
3698,0.1262
3699,0.5767
3700,0.2451
3701,0.0096
3702,0.3639
3703,0.5299
3704,0.2709
3705,0.4884
3706,0.5803
3707,0.035
3708,0.111
3709,0.4767
3710,0.6737
3711,0.6923
3712,0.2861
3713,0.961
3714,0.6241
3715,0.1589
3716,0.1524
3717,0.3223
3718,0.7223
3719,0.8833
3720,0.4218
3721,0.8835
3722,0.5602
3723,0.8936
3724,0.0352
3725,0.1033
3726,0.2932
3727,0.5968
3728,0.2789
3729,0.7045
3730,0.9513
3731,0.0613
3732,0.898
3733,0.0669
3734,0.7226
3735,0.4634
3736,0.2366
3737,0.8268
3738,0.2918
3739,0.8442
3740,0.0878
3741,0.9381
3742,0.8088
3743,0.1774
3744,0.5498
3745,0.3211
3746,0.0635
3747,0.218
3748,0.3007
3749,0.9403
3750,0.5995
3751,0.2426
3752,0.2589
3753,0.5252
3754,0.0145
3755,0.9828
3756,0.6872
3757,0.9134
3758,0.0202
3759,0.8994
3760,0.5494
3761,0.0945
3762,0.6497
3763,0.1034
3764,0.1666
3765,0.1031
3766,0.4193
3767,0.9964
3768,0.9192
3769,0.5618
3770,0.0651
3771,0.5473
3772,0.3002
3773,0.0389
3774,0.5415
3775,0.5256
3776,0.1397
3777,0.2608
3778,0.0109
3779,0.0717
3780,0.6397
3781,0.5054
3782,0.9784
3783,0.0148
3784,0.7236
3785,0.256
3786,0.7332
3787,0.8639
3788,0.277
3789,0.9887
3790,0.9496
3791,0.941
3792,0.9842
3793,0.6015
3794,0.6692
3795,0.0612
3796,0.2368
3797,0.515
3798,0.2239
3799,0.8773
3800,0.9548
3801,0.2274
3802,0.8567
3803,0.9382
3804,0.9466
3805,0.3818
3806,0.9751
3807,0.205
3808,0.114
3809,0.9772
3810,0.814
3811,0.3775
3812,0.8019
3813,0.7016
3814,0.7909
3815,0.6885
3816,0.8207
3817,0.9015
3818,0.1338
3819,0.2452
3820,0.034
3821,0.3765
3822,0.9059
3823,0.1283
3824,0.1764
3825,0.0123
3826,0.6223
3827,0.5618
3828,0.0593
3829,0.7305
3830,0.89
3831,0.5479
3832,0.7049
3833,0.1145
3834,0.8408
3835,0.3082
3836,0.9315
3837,0.2922
3838,0.0984
3839,0.8796
3840,0.1756
3841,0.9333
3842,0.3732
3843,0.0217
3844,0.3111
3845,0.2533
3846,0.3253
3847,0.1793
3848,0.654
3849,0.6012
3850,0.4539
3851,0.0214
3852,0.0077
3853,0.9857
3854,0.4586
3855,0.7716
3856,0.8841
3857,0.0298
3858,0.4195
3859,0.5605
3860,0.3545
3861,0.8729
3862,0.2215
3863,0.61
3864,0.9757
3865,0.6676
3866,0.009
3867,0.5273
3868,0.9464
3869,0.7137
3870,0.8388
3871,0.7702
3872,0.7852
3873,0.933
3874,0.0573
3875,0.4128
3876,0.9669
3877,0.3368
3878,0.9826
3879,0.2112
3880,0.1217
3881,0.9529
3882,0.9373
3883,0.1022
3884,0.358
3885,0.538
3886,0.9719
3887,0.8758
3888,0.8744
3889,0.2265
3890,0.5106
3891,0.74
3892,0.966
3893,0.3707
3894,0.2791
3895,0.8509
3896,0.3669
3897,0.5398
3898,0.6939
3899,0.5788
3900,0.7684
3901,0.7489
3902,0.4671
3903,0.1584
3904,0.8396
3905,0.9504
3906,0.2255
3907,0.9929
3908,0.0709
3909,0.9564
3910,0.9834
3911,0.3527
3912,0.8603
3913,0.9385
3914,0.1928
3915,0.0127
3916,0.9354
3917,0.9851
3918,0.1191
3919,0.058
3920,0.8682
3921,0.0463
3922,0.306
3923,0.0762
3924,0.0075
3925,0.9285
3926,0.0761
3927,0.6092
3928,0.266
3929,0.8306
3930,0.9638
3931,0.6914
3932,0.0537
3933,0.599
3934,0.7952
3935,0.6096
3936,0.9756
3937,0.0684
3938,0.5867
3939,0.5288
3940,0.6838
3941,0.006
3942,0.9618
3943,0.4051
3944,0.8835
3945,0.1575
3946,0.8209
3947,0.9119
3948,0.1182
3949,0.6942
3950,0.1568
3951,0.4657
3952,0.2735
3953,0.8425
3954,0.6508
3955,0.3034
3956,0.9373
3957,0.4514
3958,0.4487
3959,0.9302
3960,0.9866
3961,0.5771
3962,0.8916
3963,0.6196
3964,0.9929
3965,0.0403
3966,0.9789
3967,0.9541
3968,0.0374
3969,0.2276
3970,0.3927
3971,0.8747
3972,0.9675
3973,0.0987
3974,0.9577
3975,0.7251
3976,0.934
3977,0.3009
3978,0.6732
3979,0.4588
3980,0.5611
3981,0.3281
3982,0.4626
3983,0.0107
3984,0.9631
3985,0.8421
3986,0.2741
3987,0.3385
3988,0.8823
3989,0.8722
3990,0.7547
3991,0.7339
3992,0.8575
3993,0.0263
3994,0.0087
3995,0.5356
3996,0.1753
3997,0.7247
3998,0.5826
3999,0.9877
4000,0.4484
4001,0.5142
4002,0.5986
4003,0.9536
4004,0.9859
4005,0.0295
4006,0.3465
4007,0.2373
4008,0.9424
4009,0.9752
4010,0.7817
4011,0.0107
4012,0.9699
4013,0.1469
4014,0.0394
4015,0.9618
4016,0.8946
4017,0.44
4018,0.877
4019,0.4272
4020,0.6734
4021,0.763
4022,0.3481
4023,0.4845
4024,0.8235
4025,0.6345
4026,0.8515
4027,0.0638
4028,0.8168
4029,0.3427
4030,0.9769
4031,0.3211
4032,0.8432
4033,0.0842
4034,0.9259
4035,0.9195
4036,0.0469
4037,0.9537
4038,0.0257
4039,0.681
4040,0.131
4041,0.3363
4042,0.4771
4043,0.8985
4044,0.9517
4045,0.9975
4046,0.0575
4047,0.9923
4048,0.0064
4049,0.8696
4050,0.8471
4051,0.7332
4052,0.0858
4053,0.267
4054,0.7006
4055,0.0184
4056,0.4829
4057,0.236
4058,0.887
4059,0.1168
4060,0.46
4061,0.9411
4062,0.4426
4063,0.0904
4064,0.6115
4065,0.2063
4066,0.0306
4067,0.2718
4068,0.4859
4069,0.1677
4070,0.7268
4071,0.762
4072,0.8957
4073,0.4651
4074,0.8222
4075,0.7772
4076,0.6954
4077,0.7885
4078,0.8128
4079,0.9398
4080,0.0486
4081,0.0315
4082,0.84
4083,0.8812
4084,0.3462
4085,0.9726
4086,0.5731
4087,0.0469
4088,0.5317
4089,0.8442
4090,0.0688
4091,0.9421
4092,0.0803
4093,0.0232
4094,0.2168
4095,0.4391
4096,0.9543
4097,0.2377
4098,0.4413
4099,0.9146
4100,0.5956
4101,0.4651
4102,0.7197
4103,0.0683
4104,0.8751
4105,0.381
4106,0.0856
4107,0.2859
4108,0.931
4109,0.0088
4110,0.6641
4111,0.9546
4112,0.7684
4113,0.0335
4114,0.4407
4115,0.8281
4116,0.7484
4117,0.972
4118,0.0204
4119,0.4136
4120,0.04
4121,0.0375
4122,0.0085
4123,0.1151
4124,0.19
4125,0.449
4126,0.96
4127,0.8195
4128,0.463
4129,0.9946
4130,0.3506
4131,0.3137
4132,0.089
4133,0.8861
4134,0.9029
4135,0.0517
4136,0.2621
4137,0.1052
4138,0.9259
4139,0.2392
4140,0.6534
4141,0.0511
4142,0.8896
4143,0.0366
4144,0.466
4145,0.9075
4146,0.3123
4147,0.8397
4148,0.9663
4149,0.2374
4150,0.0896
4151,0.9778
4152,0.3957
4153,0.8169
4154,0.1257
4155,0.3234
4156,0.9149
4157,0.1615
4158,0.9541
4159,0.6532
4160,0.8327
4161,0.4851
4162,0.1045
4163,0.2597
4164,0.0862
4165,0.959
4166,0.6408
4167,0.8681
4168,0.0169
4169,0.1218
4170,0.8293
4171,0.9286
4172,0.7088
4173,0.8249
4174,0.0261
4175,0.2904
4176,0.2249
4177,0.3466
4178,0.2078
4179,0.1563
4180,0.2768
4181,0.954
4182,0.0985
4183,0.4391
4184,0.9275
4185,0.4367
4186,0.2238
4187,0.6595
4188,0.6646
4189,0.083
4190,0.9423
4191,0.2212
4192,0.0203
4193,0.0287
4194,0.8221
4195,0.1949
4196,0.2282
4197,0.4535
4198,0.6899
4199,0.6168
4200,0.9216
4201,0.8791
4202,0.0665
4203,0.9116
4204,0.8196
4205,0.0658
4206,0.6891
4207,0.058
4208,0.09
4209,0.177
4210,0.0533
4211,0.3593
4212,0.0817
4213,0.048
4214,0.1332
4215,0.0695
4216,0.0362
4217,0.1687
4218,0.1516
4219,0.8534
4220,0.0267
4221,0.0212
4222,0.2223
4223,0.4025
4224,0.0171
4225,0.282
4226,0.5522
4227,0.0438
4228,0.3952
4229,0.9291
4230,0.2984
4231,0.9401
4232,0.8978
4233,0.9286
4234,0.5954
4235,0.988
4236,0.4729
4237,0.0924
4238,0.0045
4239,0.0645
4240,0.0875
4241,0.7078
4242,0.6347
4243,0.9899
4244,0.9312
4245,0.2302
4246,0.0621
4247,0.1184
4248,0.408
4249,0.7514
4250,0.9272
4251,0.9492
4252,0.9507
4253,0.6868
4254,0.4026
4255,0.9806
4256,0.9562
4257,0.9585
4258,0.8947
4259,0.2479
4260,0.7356
4261,0.6173
4262,0.4586
4263,0.1031
4264,0.9899
4265,0.3114
4266,0.5746
4267,0.8095
4268,0.9399
4269,0.7088
4270,0.9701
4271,0.0734
4272,0.9638
4273,0.9413
4274,0.9806
4275,0.7843
4276,0.9462
4277,0.1225
4278,0.4304
4279,0.0512
4280,0.2497
4281,0.0211
4282,0.2669
4283,0.2569
4284,0.2803
4285,0.6435
4286,0.5608
4287,0.9276
4288,0.1322
4289,0.2254
4290,0.2101
4291,0.1174
4292,0.3414
4293,0.6603
4294,0.7488
4295,0.5567
4296,0.3337
4297,0.3464
4298,0.9239
4299,0.6187
4300,0.8427
4301,0.0586
4302,0.1967
4303,0.0572
4304,0.108
4305,0.8867
4306,0.7096
4307,0.8287
4308,0.5185
4309,0.8574
4310,0.9684
4311,0.9077
4312,0.2108
4313,0.8494
4314,0.0776
4315,0.3761
4316,0.1264
4317,0.1741
4318,0.4099
4319,0.0072
4320,0.4661
4321,0.9788
4322,0.008
4323,0.0573
4324,0.3025
4325,0.2689
4326,0.5897
4327,0.0889
4328,0.0438
4329,0.1032
4330,0.8404
4331,0.6478
4332,0.074
4333,0.0514
4334,0.0725
4335,0.3782
4336,0.0776
4337,0.9882
4338,0.4528
4339,0.1104
4340,0.6349
4341,0.6461
4342,0.9754
4343,0.0757
4344,0.4758
4345,0.203
4346,0.4035
4347,0.3155
4348,0.7591
4349,0.007
4350,0.0255
4351,0.2461
4352,0.2054
4353,0.2422
4354,0.0588
4355,0.8221
4356,0.9233
4357,0.4965
4358,0.4612
4359,0.049
4360,0.1712
4361,0.0188
4362,0.2771
4363,0.7033
4364,0.9321
4365,0.1496
4366,0.7731
4367,0.9581
4368,0.9437
4369,0.9793
4370,0.017
4371,0.2034
4372,0.3058
4373,0.9903
4374,0.8518
4375,0.0231
4376,0.99
4377,0.0501
4378,0.8981
4379,0.701
4380,0.6734
4381,0.2516
4382,0.9603
4383,0.7825
4384,0.9792
4385,0.5759
4386,0.8826
4387,0.8823
4388,0.9223
4389,0.1287
4390,0.6155
4391,0.2885
4392,0.9094
4393,0.1117
4394,0.992
4395,0.9623
4396,0.0376
4397,0.8448
4398,0.6172
4399,0.1545
4400,0.0751
4401,0.522
4402,0.2397
4403,0.8974
4404,0.7714
4405,0.6395
4406,0.8034
4407,0.0154
4408,0.8037
4409,0.9291
4410,0.7598
4411,0.3296
4412,0.8551
4413,0.9651
4414,0.0293
4415,0.6604
4416,0.0892
4417,0.2817
4418,0.2142
4419,0.9633
4420,0.9761
4421,0.9462
4422,0.9282
4423,0.0083
4424,0.1043
4425,0.0177
4426,0.1746
4427,0.1286
4428,0.8867
4429,0.808
4430,0.5825
4431,0.2284
4432,0.9593
4433,0.0066
4434,0.2276
4435,0.7903
4436,0.9803
4437,0.8041
4438,0.988
4439,0.0874
4440,0.0097
4441,0.0058
4442,0.505
4443,0.8181
4444,0.1486
4445,0.8808
4446,0.103
4447,0.8555
4448,0.8742
4449,0.7157
4450,0.8284
4451,0.9674
4452,0.026
4453,0.6619
4454,0.0016
4455,0.2176
4456,0.8697
4457,0.045
4458,0.2067
4459,0.0376
4460,0.9946
4461,0.9034
4462,0.039
4463,0.0043
4464,0.2091
4465,0.0539
4466,0.0907
4467,0.0545
4468,0.6525
4469,0.0242
4470,0.8896
4471,0.9516
4472,0.9699
4473,0.964
4474,0.1981
4475,0.9878
4476,0.911
4477,0.1915
4478,0.798
4479,0.7053
4480,0.1514
4481,0.942
4482,0.1503
4483,0.7343
4484,0.0959
4485,0.0297
4486,0.0211
4487,0.8433
4488,0.5089
4489,0.0093
4490,0.8593
4491,0.1904
4492,0.7917
4493,0.0159
4494,0.9009
4495,0.9078
4496,0.584
4497,0.0382
4498,0.3459
4499,0.9715
4500,0.5622
4501,0.5547
4502,0.6681
4503,0.4628
4504,0.7221
4505,0.0392
4506,0.6832
4507,0.2715
4508,0.5719
4509,0.0193
4510,0.048
4511,0.8699
4512,0.6866
4513,0.3073
4514,0.6294
4515,0.3064
4516,0.8562
4517,0.8935
4518,0.0161
4519,0.0553
4520,0.1711
4521,0.1446
4522,0.0991
4523,0.9614
4524,0.9778
4525,0.9054
4526,0.963
4527,0.9355
4528,0.033
4529,0.1971
4530,0.74
4531,0.1239
4532,0.7884
4533,0.7566
4534,0.6523
4535,0.3045
4536,0.694
4537,0.9307
4538,0.69
4539,0.7462
4540,0.1453
4541,0.4137
4542,0.0165
4543,0.9049
4544,0.991
4545,0.942
4546,0.0185
4547,0.3674
4548,0.9914
4549,0.3911
4550,0.972
4551,0.7315
4552,0.4678
4553,0.373
4554,0.8796
4555,0.8934
4556,0.2183
4557,0.9739
4558,0.8283
4559,0.1599
4560,0.8965
4561,0.1552
4562,0.9326
4563,0.453
4564,0.3481
4565,0.0068
4566,0.3076
4567,0.8714
4568,0.818
4569,0.994
4570,0.0706
4571,0.07
4572,0.3376
4573,0.4368
4574,0.997
4575,0.1915
4576,0.2337
4577,0.8906
4578,0.8676
4579,0.9135
4580,0.9234
4581,0.9837
4582,0.7757
4583,0.0234
4584,0.0178
4585,0.0473
4586,0.7868
4587,0.8915
4588,0.9492
4589,0.3171
4590,0.1015
4591,0.0992
4592,0.0837
4593,0.4661
4594,0.1841
4595,0.9618
4596,0.1335
4597,0.7669
4598,0.774
4599,0.1543
4600,0.5902
4601,0.9767
4602,0.0465
4603,0.9577
4604,0.2173
4605,0.6609
4606,0.0096
4607,0.384
4608,0.2824
4609,0.4231
4610,0.2315
4611,0.0628
4612,0.8186
4613,0.9877
4614,0.9594
4615,0.855
4616,0.315
4617,0.0145
4618,0.1364
4619,0.4007
4620,0.4524
4621,0.1403
4622,0.1385
4623,0.0317
4624,0.7559
4625,0.8972
4626,0.1525
4627,0.6125
4628,0.7258
4629,0.1077
4630,0.7833
4631,0.3202
4632,0.9401
4633,0.0112
4634,0.1734
4635,0.1527
4636,0.9653
4637,0.4506
4638,0.9784
4639,0.8104
4640,0.1403
4641,0.1805
4642,0.3303
4643,0.9675
4644,0.9676
4645,0.3765
4646,0.3386
4647,0.991
4648,0.686
4649,0.96
4650,0.0032
4651,0.8868
4652,0.7357
4653,0.9042
4654,0.0313
4655,0.1104
4656,0.0062
4657,0.5826
4658,0.9454
4659,0.8913
4660,0.0223
4661,0.2289
4662,0.328
4663,0.0278
4664,0.7921
4665,0.9871
4666,0.9076
4667,0.9888
4668,0.4653
4669,0.2186
4670,0.5791
4671,0.1379
4672,0.2868
4673,0.1314
4674,0.0369
4675,0.9668
4676,0.2501
4677,0.1035
4678,0.8091
4679,0.9111
4680,0.3535
4681,0.9704
4682,0.7288
4683,0.1483
4684,0.2564
4685,0.1685
4686,0.7323
4687,0.1931
4688,0.2054
4689,0.9183
4690,0.0636
4691,0.4441
4692,0.0447
4693,0.7021
4694,0.8418
4695,0.0077
4696,0.9183
4697,0.0163
4698,0.2199
4699,0.854
4700,0.9653
4701,0.5262
4702,0.5683
4703,0.2997
4704,0.9437
4705,0.4194
4706,0.1228
4707,0.1436
4708,0.0704
4709,0.2545
4710,0.5815
4711,0.9688
4712,0.7192
4713,0.888
4714,0.3462
4715,0.1204
4716,0.9369
4717,0.1622
4718,0.0038
4719,0.0407
4720,0.8631
4721,0.6076
4722,0.9096
4723,0.0056
4724,0.0097
4725,0.9651
4726,0.7796
4727,0.3758
4728,0.9384
4729,0.2257
4730,0.2877
4731,0.0485
4732,0.9512
4733,0.6534
4734,0.103
4735,0.16
4736,0.1832
4737,0.9744
4738,0.17
4739,0.1245
4740,0.1752
4741,0.0677
4742,0.1956
4743,0.0451
4744,0.3063
4745,0.9157
4746,0.523
4747,0.9054
4748,0.1416
4749,0.7484
4750,0.9852
4751,0.868
4752,0.0311
4753,0.1238
4754,0.8829
4755,0.1737
4756,0.9674
4757,0.397
4758,0.9462
4759,0.3601
4760,0.24
4761,0.9655
4762,0.8899
4763,0.9591
4764,0.0475
4765,0.1101
4766,0.9106
4767,0.9603
4768,0.0802
4769,0.369
4770,0.4777
4771,0.0123
4772,0.4541
4773,0.877
4774,0.8195
4775,0.9419
4776,0.0354
4777,0.234
4778,0.8385
4779,0.964
4780,0.7775
4781,0.5146
4782,0.7329
4783,0.1494
4784,0.5712
4785,0.8236
4786,0.205
4787,0.5851
4788,0.0256
4789,0.6626
4790,0.8579
4791,0.8737
4792,0.0476
4793,0.2674
4794,0.0479
4795,0.8847
4796,0.1533
4797,0.5328
4798,0.0558
4799,0.9736
4800,0.2918
4801,0.1166
4802,0.1594
4803,0.8985
4804,0.0127
4805,0.0606
4806,0.2623
4807,0.8968
4808,0.9903
4809,0.0268
4810,0.1256
4811,0.4808
4812,0.7855
4813,0.4784
4814,0.6751
4815,0.0738
4816,0.1809
4817,0.6561
4818,0.0916
4819,0.506
4820,0.1563
4821,0.9627
4822,0.9033
4823,0.279
4824,0.2428
4825,0.1594
4826,0.1549
4827,0.0413
4828,0.132
4829,0.7285
4830,0.9363
4831,0.9463
4832,0.8575
4833,0.9586
4834,0.1236
4835,0.7825
4836,0.0403
4837,0.0927
4838,0.927
4839,0.0204
4840,0.4464
4841,0.4525
4842,0.9587
4843,0.0112
4844,0.9584
4845,0.6841
4846,0.2509
4847,0.0588
4848,0.0916
4849,0.751
4850,0.6154
4851,0.4821
4852,0.1142
4853,0.3009
4854,0.0847
4855,0.8099
4856,0.9738
4857,0.7986
4858,0.0072
4859,0.7624
4860,0.5061
4861,0.0437
4862,0.0758
4863,0.0286
4864,0.3674
4865,0.0256
4866,0.1397
4867,0.0447
4868,0.17
4869,0.1149
4870,0.9572
4871,0.7406
4872,0.7981
4873,0.4671
4874,0.0031
4875,0.0406
4876,0.0091
4877,0.7157
4878,0.9768
4879,0.4997
4880,0.038
4881,0.2358
4882,0.988
4883,0.0192
4884,0.7216
4885,0.2471
4886,0.0181
4887,0.7329
4888,0.0805
4889,0.7275
4890,0.1544
4891,0.8495
4892,0.9381
4893,0.8588
4894,0.0158
4895,0.0038
4896,0.7943
4897,0.2521
4898,0.2237
4899,0.0723
4900,0.1618
4901,0.8595
4902,0.0387
4903,0.405
4904,0.7937
4905,0.4315
4906,0.0308
4907,0.1507
4908,0.0414
4909,0.7252
4910,0.9356
4911,0.169
4912,0.5981
4913,0.929
4914,0.4235
4915,0.8661
4916,0.1577
4917,0.2846
4918,0.233
4919,0.0426
4920,0.9416
4921,0.2919
4922,0.321
4923,0.2818
4924,0.6524
4925,0.2866
4926,0.5028
4927,0.5887
4928,0.0074
4929,0.4497
4930,0.4289
4931,0.4769
4932,0.5723
4933,0.6839
4934,0.1364
4935,0.7176
4936,0.7443
4937,0.9225
4938,0.947
4939,0.1537
4940,0.3141
4941,0.4385
4942,0.9484
4943,0.9491
4944,0.055
4945,0.0863
4946,0.049
4947,0.9387
4948,0.8987
4949,0.9087
4950,0.9299
4951,0.066
4952,0.4801
4953,0.2223
4954,0.6591
4955,0.9533
4956,0.9883
4957,0.8876
4958,0.891
4959,0.1495
4960,0.9059
4961,0.0103
4962,0.2323
4963,0.0662
4964,0.6675
4965,0.0312
4966,0.021
4967,0.0563
4968,0.0133
4969,0.0897
4970,0.1259
4971,0.9206
4972,0.3187
4973,0.1175
4974,0.0091
4975,0.3947
4976,0.1639
4977,0.9554
4978,0.9429
4979,0.0573
4980,0.1496
4981,0.5521
4982,0.0682
4983,0.9566
4984,0.7252
4985,0.6863
4986,0.4643
4987,0.8907
4988,0.3722
4989,0.3239
4990,0.2332
4991,0.5629
4992,0.5505
4993,0.0604
4994,0.8891
4995,0.4147
4996,0.102
4997,0.9323
4998,0.8569
4999,0.0616
